	Tooele_Army	Jail_Pond	Mona	Big_Springs
Tooele_Army		0.026185	0.0390304	0.0289875
Jail_Pond			0.0271734	0.0236983
Mona				0.0334013
